track,cluster,course_title,total_hours,grade_lvl,g11,g11_terms,g11_units_per_term,g11_units_per_year,g12,g12_terms,g12_units_per_term,g12_units_per_year,ww,pt,ex,st1,st2,te
SSHS - CORE,CORE,Effective Communication,160,11 ,11,3,2,6,,,,,20,50,30,30,30,40
SSHS - CORE,CORE,General Mathematics,160,11 ,11,3,2,6,,,,,20,50,30,30,30,40
SSHS - CORE,CORE,General Science,160,11 ,11,3,2,6,,,,,20,50,30,30,30,40
SSHS - CORE,CORE,Life and Career Skills,160,11 ,11,3,2,6,,,,,20,50,30,30,30,40
SSHS - CORE,CORE,Mabisang Komunikasyon,160,11 ,11,3,2,6,,,,,20,50,30,30,30,40
SSHS - CORE,CORE,Pag-aaral ng Kasaysayan at Lipunang Pilipino,160,11 ,11,3,2,6,,,,,20,50,30,30,30,40
SSHS - ACADEMIC,"ARTS, SOCIAL SCIENCES, AND HUMANITIES",Art Criticism and Creative Markets,80,"11, 12",11,1,3,3,12,1,3,3,20,60,20,30,30,40
SSHS - ACADEMIC,"ARTS, SOCIAL SCIENCES, AND HUMANITIES",Citizenship and Civic Engagement,80,"11, 12",11,1,3,3,12,1,3,3,20,60,20,30,30,40
SSHS - ACADEMIC,"ARTS, SOCIAL SCIENCES, AND HUMANITIES",Contemporary Literature 1,80,"11, 12",11,1,3,3,12,1,3,3,20,60,20,30,30,40
SSHS - ACADEMIC,"ARTS, SOCIAL SCIENCES, AND HUMANITIES",Contemporary Literature 2,80,"11, 12",11,1,3,3,12,1,3,3,20,60,20,30,30,40
SSHS - ACADEMIC,"ARTS, SOCIAL SCIENCES, AND HUMANITIES",Creative Composition 1,80,"11, 12",11,1,3,3,12,1,3,3,20,60,20,30,30,40
SSHS - ACADEMIC,"ARTS, SOCIAL SCIENCES, AND HUMANITIES",Creative Composition 2,80,"11, 12",11,1,3,3,12,1,3,3,20,60,20,30,30,40
SSHS - ACADEMIC,"ARTS, SOCIAL SCIENCES, AND HUMANITIES",Creative Industries - Applied and Traditional Arts,80,"11, 12",11,1,3,3,12,1,3,3,20,60,20,30,30,40
SSHS - ACADEMIC,"ARTS, SOCIAL SCIENCES, AND HUMANITIES",Creative Industries - Dance,80,"11, 12",11,1,3,3,12,1,3,3,20,60,20,30,30,40
SSHS - ACADEMIC,"ARTS, SOCIAL SCIENCES, AND HUMANITIES",Creative Industries - Literary Arts,80,"11, 12",11,1,3,3,12,1,3,3,20,60,20,30,30,40
SSHS - ACADEMIC,"ARTS, SOCIAL SCIENCES, AND HUMANITIES",Creative Industries - Media Arts,80,"11, 12",11,1,3,3,12,1,3,3,20,60,20,30,30,40
SSHS - ACADEMIC,"ARTS, SOCIAL SCIENCES, AND HUMANITIES",Creative Industries - Music,80,"11, 12",11,1,3,3,12,1,3,3,20,60,20,30,30,40
SSHS - ACADEMIC,"ARTS, SOCIAL SCIENCES, AND HUMANITIES",Creative Industries - Theater Arts,80,"11, 12",11,1,3,3,12,1,3,3,20,60,20,30,30,40
SSHS - ACADEMIC,"ARTS, SOCIAL SCIENCES, AND HUMANITIES",Creative Industries - Visual Arts,80,"11, 12",11,1,3,3,12,1,3,3,20,60,20,30,30,40
SSHS - ACADEMIC,"ARTS, SOCIAL SCIENCES, AND HUMANITIES",Filipino 1 (Wika at Komunikasyon sa Akademikong Filipino),80,"11, 12",11,1,3,3,12,1,3,3,20,60,20,30,30,40
SSHS - ACADEMIC,"ARTS, SOCIAL SCIENCES, AND HUMANITIES",Filipino 2 (Filipino sa Isports),80,"11, 12",11,1,3,3,12,1,3,3,20,60,20,30,30,40
SSHS - ACADEMIC,"ARTS, SOCIAL SCIENCES, AND HUMANITIES",Filipino 2 (Filipino sa Larang Teknikal-Propesyonal),80,"11, 12",11,1,3,3,12,1,3,3,20,60,20,30,30,40
SSHS - ACADEMIC,"ARTS, SOCIAL SCIENCES, AND HUMANITIES",Filipino 2 (Filipino sa Sining at Disenyo),80,"11, 12",11,1,3,3,12,1,3,3,20,60,20,30,30,40
SSHS - ACADEMIC,"ARTS, SOCIAL SCIENCES, AND HUMANITIES",Filipino Identity Through the Arts,80,"11, 12",11,1,3,3,12,1,3,3,20,60,20,30,30,40
SSHS - ACADEMIC,"ARTS, SOCIAL SCIENCES, AND HUMANITIES",Introduction to the Philosophy of the Human Person,80,"11, 12",11,1,3,3,12,1,3,3,20,60,20,30,30,40
SSHS - ACADEMIC,"ARTS, SOCIAL SCIENCES, AND HUMANITIES",Leadership and Management in the Arts,80,"11, 12",11,1,3,3,12,1,3,3,20,60,20,30,30,40
SSHS - ACADEMIC,"ARTS, SOCIAL SCIENCES, AND HUMANITIES",Malikhaing Pagsulat,80,"11, 12",11,1,3,3,12,1,3,3,20,60,20,30,30,40
SSHS - ACADEMIC,"ARTS, SOCIAL SCIENCES, AND HUMANITIES",Performance Criticism and Creative Markets,80,"11, 12",11,1,3,3,12,1,3,3,20,60,20,30,30,40
SSHS - ACADEMIC,"ARTS, SOCIAL SCIENCES, AND HUMANITIES",Philippine Governance (Philippine Politics and Governance),80,"11, 12",11,1,3,3,12,1,3,3,20,60,20,30,30,40
SSHS - ACADEMIC,"ARTS, SOCIAL SCIENCES, AND HUMANITIES",Social Sciences (Theory and Practice),80,"11, 12",11,1,3,3,12,1,3,3,20,60,20,30,30,40
SSHS - ACADEMIC,"ARTS, SOCIAL SCIENCES, AND HUMANITIES",Creative Production and Presentation,160,gr 12,,,,,12,1,6,6,15,70,15,30,30,40
SSHS - ACADEMIC,BUSINESS AND ENTREPRENEURSHIP,Business 1 (Basic Accounting),80,"11, 12",11,1,3,3,12,1,3,3,20,50,30,30,30,40
SSHS - ACADEMIC,BUSINESS AND ENTREPRENEURSHIP,Business 2 (Business Finance and Income Taxation),80,"11, 12",11,1,3,3,12,1,3,3,20,50,30,30,30,40
SSHS - ACADEMIC,BUSINESS AND ENTREPRENEURSHIP,Contemporary Marketing,80,"11, 12",11,1,3,3,12,1,3,3,20,50,30,30,30,40
SSHS - ACADEMIC,BUSINESS AND ENTREPRENEURSHIP,Entrepreneurship,80,"11, 12",11,1,3,3,12,1,3,3,20,50,30,30,30,40
SSHS - ACADEMIC,BUSINESS AND ENTREPRENEURSHIP,Introduction to Organization and Management,80,"11, 12",11,1,3,3,12,1,3,3,20,50,30,30,30,40
SSHS - ACADEMIC,BUSINESS AND ENTREPRENEURSHIP,Business 3 (Business Economics),80,gr 12,,,,,12,1,3,3,20,50,30,30,30,40
SSHS - ACADEMIC,FIELD EXPERIENCE,Design and Innovation,80,"11, 12",11,1,3,3,12,1,3,3,40,60,,,,
SSHS - ACADEMIC,FIELD EXPERIENCE,Research 1,80,"11, 12",11,1,3,3,12,1,3,3,40,60,,,,
SSHS - ACADEMIC,FIELD EXPERIENCE,Research 2,80,"11, 12",11,1,3,3,12,1,3,3,40,60,,,,
SSHS - ACADEMIC,FIELD EXPERIENCE,Arts Apprenticeship – Dance,160,gr 12,,,,,12,1,6,6,15,70,15,30,30,40
SSHS - ACADEMIC,FIELD EXPERIENCE,Arts Apprenticeship - Literary Arts,160,gr 12,,,,,12,1,6,6,15,70,15,30,30,40
SSHS - ACADEMIC,FIELD EXPERIENCE,Arts Apprenticeship - Media Arts,160,gr 12,,,,,12,1,6,6,15,70,15,30,30,40
SSHS - ACADEMIC,FIELD EXPERIENCE,Arts Apprenticeship – Music,160,gr 12,,,,,12,1,6,6,15,70,15,,,100
SSHS - ACADEMIC,FIELD EXPERIENCE,Arts Apprenticeship – Theater Arts,160,gr 12,,,,,12,1,6,6,15,70,15,,,100
SSHS - ACADEMIC,FIELD EXPERIENCE,Arts Apprenticeship – Traditional Cultural Expressions,160,gr 12,,,,,12,1,6,6,15,70,15,,,100
SSHS - ACADEMIC,FIELD EXPERIENCE,Arts Apprenticeship – Visual Arts,160,gr 12,,,,,12,1,6,6,15,70,15,,,100
SSHS - ACADEMIC,FIELD EXPERIENCE,Field Exposure (Off Campus),80,gr 12,,,,,12,1,3,3,15,70,15,,,100
SSHS - ACADEMIC,FIELD EXPERIENCE,In-Campus Field Exposure for Sports,160,gr 12,,,,,12,1,3,3,15,70,15,,,100
SSHS - ACADEMIC,FIELD EXPERIENCE,Work Immersion for Academic Track,320,gr 12,,,,,12,1,12,12,20,80,,,,100
SSHS - ACADEMIC,"SCIENCE, TECHNOLOGY, ENGINEERING, AND MATHEMATICS",Advanced Mathematics,80,"11, 12",11,1,3,3,12,1,3,3,20,50,30,,,100
SSHS - ACADEMIC,"SCIENCE, TECHNOLOGY, ENGINEERING, AND MATHEMATICS",Basic Calculus,80,"11, 12",11,1,3,3,12,1,3,3,20,50,30,,,100
SSHS - ACADEMIC,"SCIENCE, TECHNOLOGY, ENGINEERING, AND MATHEMATICS",Biology 1,80,"11, 12",11,1,3,3,12,1,3,3,20,50,30,30,30,40
SSHS - ACADEMIC,"SCIENCE, TECHNOLOGY, ENGINEERING, AND MATHEMATICS",Biology 2,80,"11, 12",11,1,3,3,12,1,3,3,20,50,30,30,30,40
SSHS - ACADEMIC,"SCIENCE, TECHNOLOGY, ENGINEERING, AND MATHEMATICS",Biology 3,80,"11, 12",11,1,3,3,12,1,3,3,20,50,30,30,30,40
SSHS - ACADEMIC,"SCIENCE, TECHNOLOGY, ENGINEERING, AND MATHEMATICS",Chemistry 1,80,"11, 12",11,1,3,3,12,1,3,3,20,50,30,30,30,40
SSHS - ACADEMIC,"SCIENCE, TECHNOLOGY, ENGINEERING, AND MATHEMATICS",Chemistry 2,80,"11, 12",11,1,3,3,12,1,3,3,20,50,30,30,30,40
SSHS - ACADEMIC,"SCIENCE, TECHNOLOGY, ENGINEERING, AND MATHEMATICS",Chemistry 3,80,"11, 12",11,1,3,3,12,1,3,3,20,50,30,30,30,40
SSHS - ACADEMIC,"SCIENCE, TECHNOLOGY, ENGINEERING, AND MATHEMATICS",Earth and Space Science 1,80,"11, 12",11,1,3,3,12,1,3,3,20,50,30,30,30,40
SSHS - ACADEMIC,"SCIENCE, TECHNOLOGY, ENGINEERING, AND MATHEMATICS",Earth and Space Science 2,80,"11, 12",11,1,3,3,12,1,3,3,20,50,30,30,30,40
SSHS - ACADEMIC,"SCIENCE, TECHNOLOGY, ENGINEERING, AND MATHEMATICS",Earth and Space Science 3,80,"11, 12",11,1,3,3,12,1,3,3,20,50,30,30,30,40
SSHS - ACADEMIC,"SCIENCE, TECHNOLOGY, ENGINEERING, AND MATHEMATICS",Empowerment Technologies,80,"11, 12",11,1,3,3,12,1,3,3,20,50,30,30,30,40
SSHS - ACADEMIC,"SCIENCE, TECHNOLOGY, ENGINEERING, AND MATHEMATICS",Finite Mathematics 1,80,"11, 12",11,1,3,3,12,1,3,3,20,50,30,30,30,40
SSHS - ACADEMIC,"SCIENCE, TECHNOLOGY, ENGINEERING, AND MATHEMATICS",Finite Mathematics 2,80,"11, 12",11,1,3,3,12,1,3,3,20,50,30,30,30,40
SSHS - ACADEMIC,"SCIENCE, TECHNOLOGY, ENGINEERING, AND MATHEMATICS",Physics 1,80,"11, 12",11,1,3,3,12,1,3,3,20,50,30,30,30,40
SSHS - ACADEMIC,"SCIENCE, TECHNOLOGY, ENGINEERING, AND MATHEMATICS",Physics 2,80,"11, 12",11,1,3,3,12,1,3,3,20,50,30,30,30,40
SSHS - ACADEMIC,"SCIENCE, TECHNOLOGY, ENGINEERING, AND MATHEMATICS",Physics 3,80,"11, 12",11,1,3,3,12,1,3,3,20,50,30,30,30,40
SSHS - ACADEMIC,"SCIENCE, TECHNOLOGY, ENGINEERING, AND MATHEMATICS",Pre-Calculus,80,"11, 12",11,1,3,3,12,1,3,3,20,50,30,30,30,40
SSHS - ACADEMIC,"SCIENCE, TECHNOLOGY, ENGINEERING, AND MATHEMATICS",Biology 4,80,gr 12,,,,,12,1,3,3,20,50,30,30,30,40
SSHS - ACADEMIC,"SCIENCE, TECHNOLOGY, ENGINEERING, AND MATHEMATICS",Chemistry 4,80,gr 12,,,,,12,1,3,3,20,50,30,30,30,40
SSHS - ACADEMIC,"SCIENCE, TECHNOLOGY, ENGINEERING, AND MATHEMATICS",Conceptual Biology and Earth and Space Science,80,gr 12,,,,,12,1,3,3,20,50,30,30,30,40
SSHS - ACADEMIC,"SCIENCE, TECHNOLOGY, ENGINEERING, AND MATHEMATICS",Conceptual Physics and Chemistry in Daily Life,80,gr 12,,,,,12,1,3,3,20,50,30,30,30,40
SSHS - ACADEMIC,"SCIENCE, TECHNOLOGY, ENGINEERING, AND MATHEMATICS",Database Management,80,gr 12,,,,,12,1,3,3,20,50,30,30,30,40
SSHS - ACADEMIC,"SCIENCE, TECHNOLOGY, ENGINEERING, AND MATHEMATICS",Earth and Space Science 4,80,gr 12,,,,,12,1,3,3,20,50,30,30,30,40
SSHS - ACADEMIC,"SCIENCE, TECHNOLOGY, ENGINEERING, AND MATHEMATICS",Fundamentals of Data Analytics,80,gr 12,,,,,12,1,3,3,20,50,30,30,30,40
SSHS - ACADEMIC,"SCIENCE, TECHNOLOGY, ENGINEERING, AND MATHEMATICS",Physics 4,80,gr 12,,,,,12,1,3,3,20,50,30,30,30,40
SSHS - ACADEMIC,"SPORTS, HEALTH, AND WELLNESS",Exercise and Sports Programming,80,"11, 12",11,1,3,3,12,1,3,3,20,60,20,30,30,40
SSHS - ACADEMIC,"SPORTS, HEALTH, AND WELLNESS",First Aid,80,"11, 12",11,1,3,3,12,1,3,3,20,60,20,30,30,40
SSHS - ACADEMIC,"SPORTS, HEALTH, AND WELLNESS",Fundamentals of Basic Life Support,80,"11, 12",11,1,3,3,12,1,3,3,20,60,20,30,30,40
SSHS - ACADEMIC,"SPORTS, HEALTH, AND WELLNESS",Human Movement 1 (Basic Anatomy in Sports and Exercise),80,"11, 12",11,1,3,3,12,1,3,3,20,60,20,30,30,40
SSHS - ACADEMIC,"SPORTS, HEALTH, AND WELLNESS",Human Movement 2 (Motor Skills Development),80,"11, 12",11,1,3,3,12,1,3,3,20,60,20,30,30,40
SSHS - ACADEMIC,"SPORTS, HEALTH, AND WELLNESS",Physical Education 1 (Fitness and Recreation),80,"11, 12",11,1,3,3,12,1,3,3,20,60,20,30,30,40
SSHS - ACADEMIC,"SPORTS, HEALTH, AND WELLNESS",Physical Education 2 (Sports and Dance),80,"11, 12",11,1,3,3,12,1,3,3,20,60,20,30,30,40
SSHS - ACADEMIC,"SPORTS, HEALTH, AND WELLNESS",Sports Activity Management,80,"11, 12",11,1,3,3,12,1,3,3,20,60,20,30,30,40
SSHS - ACADEMIC,"SPORTS, HEALTH, AND WELLNESS",Sports Coaching,80,"11, 12",11,1,3,3,12,1,3,3,20,60,20,30,30,40
SSHS - ACADEMIC,"SPORTS, HEALTH, AND WELLNESS",Sports Officiating,80,"11, 12",11,1,3,3,12,1,3,3,20,60,20,30,30,40
SSHS - ACADEMIC,OTHER ELECTIVE / SPECIAL CURRICULAR PROGRAM,OTHER ELECTIVE / SPECIAL CURRICULAR PROGRAM,,"11, 12",,,,,,,,,TEACHER,TEACHER,TEACHER,TEACHER,TEACHER,TEACHER
SSHS - TECH-PRO,"AESTHETIC, WELLNESS, AND HUMAN CARE",Aesthetic Services (Beauty Care),,"11, 12",11,3,4,12,12,1,12,12,15,65,20,30,30,40
SSHS - TECH-PRO,"AESTHETIC, WELLNESS, AND HUMAN CARE",Caregiving (Adult Care),,"11, 12",11,3,4,12,12,1,12,12,15,65,20,30,30,40
SSHS - TECH-PRO,"AESTHETIC, WELLNESS, AND HUMAN CARE",Caregiving (Child Care),,"11, 12",11,3,4,12,12,1,12,12,15,65,20,30,30,40
SSHS - TECH-PRO,"AESTHETIC, WELLNESS, AND HUMAN CARE",Hairdressing Services,,"11, 12",11,3,4,12,12,1,12,12,15,65,20,30,30,40
SSHS - TECH-PRO,AGRI-FISHERY BUSINESS AND FOOD INNOVATION  ,Agricultural Crops Production,,"11, 12",11,3,4,12,12,1,12,12,15,65,20,30,30,40
SSHS - TECH-PRO,AGRI-FISHERY BUSINESS AND FOOD INNOVATION  ,Agro-entrepreneurship,,"11, 12",11,3,4,12,12,1,12,12,15,65,20,30,30,40
SSHS - TECH-PRO,AGRI-FISHERY BUSINESS AND FOOD INNOVATION  ,Aquaculture,,"11, 12",11,3,4,12,12,1,12,12,15,65,20,30,30,40
SSHS - TECH-PRO,AGRI-FISHERY BUSINESS AND FOOD INNOVATION  ,Fish Capture Operation,,"11, 12",11,3,4,12,12,1,12,12,15,65,20,30,30,40
SSHS - TECH-PRO,AGRI-FISHERY BUSINESS AND FOOD INNOVATION  ,Food Processing,,"11, 12",11,3,4,12,12,1,12,12,15,65,20,30,30,40
SSHS - TECH-PRO,AGRI-FISHERY BUSINESS AND FOOD INNOVATION  ,Organic Agriculture Production,,"11, 12",11,3,4,12,12,1,12,12,15,65,20,30,30,40
SSHS - TECH-PRO,AGRI-FISHERY BUSINESS AND FOOD INNOVATION  ,Poultry Production (Chicken),,"11, 12",11,3,4,12,12,1,12,12,15,65,20,30,30,40
SSHS - TECH-PRO,AGRI-FISHERY BUSINESS AND FOOD INNOVATION  ,Ruminants Production,,"11, 12",11,3,4,12,12,1,12,12,15,65,20,30,30,40
SSHS - TECH-PRO,AGRI-FISHERY BUSINESS AND FOOD INNOVATION  ,Swine Production,,"11, 12",11,3,4,12,12,1,12,12,15,65,20,30,30,40
SSHS - TECH-PRO,ARTISANRY AND CREATIVE ENTERPRISE ,Garments Artisanry,,"11, 12",11,3,4,12,12,1,12,12,15,65,20,30,30,40
SSHS - TECH-PRO,ARTISANRY AND CREATIVE ENTERPRISE ,Handicrafts: Weaving,,"11, 12",11,3,4,12,12,1,12,12,15,65,20,30,30,40
SSHS - TECH-PRO,AUTOMOTIVE AND SMALL ENGINE TECHNOLOGIES ,Driving and Automotive Servicing,,"11, 12",11,3,4,12,12,1,12,12,15,65,20,30,30,40
SSHS - TECH-PRO,AUTOMOTIVE AND SMALL ENGINE TECHNOLOGIES ,Motorcycle and Small Engine Servicing,,"11, 12",11,3,4,12,12,1,12,12,15,65,20,30,30,40
SSHS - TECH-PRO,AUTOMOTIVE AND SMALL ENGINE TECHNOLOGIES ,Automotive Servicing (Electrical Repair),,gr 12,,,,,12,1,12,12,15,65,20,30,30,40
SSHS - TECH-PRO,AUTOMOTIVE AND SMALL ENGINE TECHNOLOGIES ,Automotive Servicing (Engine and Chassis Repairs),,gr 12,,,,,12,1,12,12,15,65,20,30,30,40
SSHS - TECH-PRO,CONSTRUCTION AND BUILDING TECHNOLOGIES,Carpentry,,"11, 12",11,3,4,12,12,1,12,12,15,65,20,30,30,40
SSHS - TECH-PRO,CONSTRUCTION AND BUILDING TECHNOLOGIES,Construction Operation,,"11, 12",11,3,4,12,12,1,12,12,15,65,20,30,30,40
SSHS - TECH-PRO,CONSTRUCTION AND BUILDING TECHNOLOGIES,Manual Metal Arc Welding,,"11, 12",11,3,4,12,12,1,12,12,15,65,20,30,30,40
SSHS - TECH-PRO,CONSTRUCTION AND BUILDING TECHNOLOGIES,Technical Drafting,,"11, 12",11,3,4,12,12,1,12,12,15,65,20,30,30,40
SSHS - TECH-PRO,CREATIVE ARTS AND DESIGN TECHNOLOGIES,Animation,,"11, 12",11,3,4,12,12,1,12,12,15,65,20,30,30,40
SSHS - TECH-PRO,CREATIVE ARTS AND DESIGN TECHNOLOGIES,Illustration,,"11, 12",11,3,4,12,12,1,12,12,15,65,20,30,30,40
SSHS - TECH-PRO,CREATIVE ARTS AND DESIGN TECHNOLOGIES,Visual Graphic Design,,"11, 12",11,3,4,12,12,1,12,12,15,65,20,30,30,40
SSHS - TECH-PRO,HOSPITALITY AND TOURISM,Bakery Operations,,"11, 12",11,3,4,12,12,1,12,12,15,65,20,30,30,40
SSHS - TECH-PRO,HOSPITALITY AND TOURISM,Events Management Services,,"11, 12",11,3,4,12,12,1,12,12,15,65,20,30,30,40
SSHS - TECH-PRO,HOSPITALITY AND TOURISM,Food and Beverage Operation,,"11, 12",11,3,4,12,12,1,12,12,15,65,20,30,30,40
SSHS - TECH-PRO,HOSPITALITY AND TOURISM,Hotel Operations (Front Office Services),,"11, 12",11,3,4,12,12,1,12,12,15,65,20,30,30,40
SSHS - TECH-PRO,HOSPITALITY AND TOURISM,Hotel Operations (Housekeeping Services),,"11, 12",11,3,4,12,12,1,12,12,15,65,20,30,30,40
SSHS - TECH-PRO,HOSPITALITY AND TOURISM,Kitchen Operations,,"11, 12",11,3,4,12,12,1,12,12,15,65,20,30,30,40
SSHS - TECH-PRO,HOSPITALITY AND TOURISM,Tourism Services,,"11, 12",11,3,4,12,12,1,12,12,15,65,20,30,30,40
SSHS - TECH-PRO,ICT SUPPORT AND COMPUTER PROGRAMMING TECHNOLOGIES,Broadband Installation,,"11, 12",11,3,4,12,12,1,12,12,15,65,20,30,30,40
SSHS - TECH-PRO,ICT SUPPORT AND COMPUTER PROGRAMMING TECHNOLOGIES,Computer Programming (.Net Technology),,"11, 12",11,3,4,12,12,1,12,12,15,65,20,30,30,40
SSHS - TECH-PRO,ICT SUPPORT AND COMPUTER PROGRAMMING TECHNOLOGIES,Computer Programming (Java),,"11, 12",11,3,4,12,12,1,12,12,15,65,20,30,30,40
SSHS - TECH-PRO,ICT SUPPORT AND COMPUTER PROGRAMMING TECHNOLOGIES,Computer Programming (Oracle Database),,"11, 12",11,3,4,12,12,1,12,12,15,65,20,30,30,40
SSHS - TECH-PRO,ICT SUPPORT AND COMPUTER PROGRAMMING TECHNOLOGIES,Computer Systems Servicing,,"11, 12",11,3,4,12,12,1,12,12,15,65,20,30,30,40
SSHS - TECH-PRO,ICT SUPPORT AND COMPUTER PROGRAMMING TECHNOLOGIES,Contact Center Services,,"11, 12",11,3,4,12,12,1,12,12,15,65,20,30,30,40
SSHS - TECH-PRO,INDUSTRIAL TECHNOLOGIES,Domestic Refrigeration and Air-Conditioning Servicing,,"11, 12",11,3,4,12,12,1,12,12,15,65,20,30,30,40
SSHS - TECH-PRO,INDUSTRIAL TECHNOLOGIES,Electrical Installation and Maintenance,,"11, 12",11,3,4,12,12,1,12,12,15,65,20,30,30,40
SSHS - TECH-PRO,INDUSTRIAL TECHNOLOGIES,Electronic Products Assembly and Servicing,,"11, 12",11,3,4,12,12,1,12,12,15,65,20,30,30,40
SSHS - TECH-PRO,INDUSTRIAL TECHNOLOGIES,Photovoltaic Systems Installation,,"11, 12",11,3,4,12,12,1,12,12,15,65,20,30,30,40
SSHS - TECH-PRO,INDUSTRIAL TECHNOLOGIES,Commercial Air-Conditioning Installation and Servicing,,gr 12,,,,,12,1,12,12,15,65,20,30,30,40
SSHS - TECH-PRO,INDUSTRIAL TECHNOLOGIES,Mechatronics,,gr 12,,,,,12,1,12,12,15,65,20,30,30,40
SSHS - TECH-PRO,MARITIME,Marine Engineering at the Support Level,,"11, 12",11,3,4,12,12,1,12,12,15,65,20,30,30,40
SSHS - TECH-PRO,MARITIME,Marine Transportation at the Support Level,,"11, 12",11,3,4,12,12,1,12,12,15,65,20,30,30,40
SSHS - TECH-PRO,MARITIME,Ships Catering Services,,"11, 12",11,3,4,12,12,1,12,12,15,65,20,30,30,40
SSHS - TECH-PRO,WORK IMMERSION,Work Immersion for Tech-Pro Track (320 hours),320,gr 12,,,,,12,1,12,12,20,80,,,,
SSHS - TECH-PRO,WORK IMMERSION,Work Immersion for Tech-Pro Track (540 hours) - 1 Term,540,gr 12,,,,,12,1,21,21,20,80,,,,
SSHS - TECH-PRO,WORK IMMERSION,Work Immersion for Tech-Pro Track (640 hours) - 1 Term,640,gr 12,,,,,12,1,24,24,20,80,,,,
SSHS - TECH-PRO,WORK IMMERSION,Work Immersion for Tech-Pro Track (540 hours) - 2 Terms,540,gr 12,,,,,12,2,10.5,21,20,80,,,,
SSHS - TECH-PRO,WORK IMMERSION,Work Immersion for Tech-Pro Track (640 hours) - 2 Terms,640,gr 12,,,,,12,2,12,24,20,80,,,,
SSHS - TECH-PRO,OTHER ELECTIVE / SPECIAL CURRICULAR PROGRAM,OTHER ELECTIVE / SPECIAL CURRICULAR PROGRAM,,"11, 12",,,,,,,,,TEACHER,TEACHER,TEACHER,TEACHER,TEACHER,TEACHER
